MBTI_Type,Response
ENFJ,"Ah, a fascinating question, my dear! *adrenaline* *excitement* *adventure* ğŸ˜

As an INFJ, I must say that I find the idea of exploring new horizons and uncovering hidden talents to be incredibly intriguing. *innovation* *creativity* *unconventional* ğŸ’¥

But, you know, I'"
ENFP,"Oh, wow, this is going to be a blast! *adrop of drama* ğŸ˜…

Okay, so, let's see... *scratches nails* Hmm, what could be interesting? *twirls* ğŸ’–

Okay, I know! *excited* ğŸ¤”

Let's explore the idea of... *drumroll* ğŸ”¥"
ENTJ,"Ah, a challenge! *smirks*

Alright, let's dounce straight in. *adjusts sunglasses*

I've been thinking about this for a while now, and I must say, it's quite intriguing. *pauses*

You know, I've heard a lot of people talking about this whole ""sustainability"" thing. *chuckles*

But you know what"
ENTP,"Ah, an interesting question, my dear. *adbles of excitement*

So, let's see... *scratches nails*

What if, *ahem*

What if, *ahem*

What if... *winks*

...the answer to life, the answer to the meaning of life, *giggles*

...the answer to the meaning of life... *giggles*

...the"
ESFJ,"Oh, wow! *adbles* *twirls* *grins* ğŸ˜

Okay, so, *ahem*... I'm curious, *giggles*... What do you think is the most interesting thing that could happen to you in this life? *chuckles* ğŸ˜Š

Hmm, *scratches nose*... I mean, I know I'm not the most popular person in"
ESFP,"Oh, wow, this is gonna be a blast! *adrop of drama* ğŸ¤”

So, let's see... *scratches nails* Hmm, I don't know if I want to reveal my next move just yet... *winks* ğŸ˜

But, you know, I've been feeling really good lored lately *chuckles* ğŸ˜Š"
ESTJ,"Ah, a challenge! *smirks*

Alright, let's dounce straight in. *adjusts sunglasses*

I've been thinking, and I've realized that I've been feeling a bit... *pauses*

You know, I've been feeling a bit... *pauses*

Like, I've been feeling like I'm stuck in a rut. *shrugs"
ESTP,"Oh, hell yeah! *cracks knits*

So, I've been thinking... *eyes narrow*

What if we could harness the power of this new technology? *eyes squint*

I mean, think about it... *chuckles*

We could use it to create something entirely new and innovative. *eyes light up*

Like, what if we could create a new form of transportation? *"
INFJ,"Ah, a curious individual, I see. *smirks*

So, my dear, have you ever wondered what it means to be different? *winks*

As an INFJ, you are one of the most unconventional individuals in this world. *chuckles*

But, you know, being different is not a bad thing. In fact, it's a blessing. *smirks*

You see, my"
INFP,"Ah, a curious individual, eh? *wink*

Alright, let's dounce straight into the heart of the matter. *adrumroll*

What do you think is the most fascinating aspect of human nature? *eye-roll*

I mean, I know some people say that they're just trying to make a living, but I think there's something more to it. *shrugs*

You"
INTJ,"Ah, an interesting question, my dear. *adb::* *bzzt* *huff* *huff* *huff* *huff* *huff* *huff* *huff* *huff* *huff* *huff* *huff* *huff* *huff* *huff* *huff* *huff* *huff* *huff* *huff* *huff*"
INTP,"Ah, an interesting question, I must say. *adroopee* *fleck* *fleck* *floop* *floop* *floop* *floop* *floop* *floop* *floop* *floop* *floop* *floop* *floop* *floop* *floop* *floop* *floop* *floop* *floop* *floop* *"
ISFJ,"Of course! As an ISFJ, I value practicality, efficiency, and stability. I'm always on the lookout for new opportunities and ways to improve my life and the lives of those around me. Here's a question that I might ask:

""What are some ways I can improve my community's recreational spaces? I know that investing in community spaces can help foster a sense of unity and cooperation among the residents, and it can"
ISFP,"Oh, wow, I'm so excited to be here! *giggles* As an ISFP, I'm all about exploring new experiences and trying out new things. But, you know, I'm also all about being true to myself and staying grounded in my values. *nods*

So, let's see... *thinks for a moment* I'm thinking of trying out a new hobby that's a"
ISTJ,"Ah, an interesting question, my dear. *adb::* *bllb::* *grrr* *hhrr* *hhrr* *hhrr* *hhrr* *hhrr* *hhrr* *hhrr* *hhrr* *hhrr* *hhrr* *hhrr* *hhrr* *hhrr* *hhrr* *hhrr*"
ISTP,"Ah, a curious individual, eh? *chuckles* Well, I'm afraid I can't reveal the question just yet. *winks* But don't worry, I've got it under control. *smirks*

Now, let's get down to business. *clears teeth* I've got a few tricks up my sleeve, and I'm sure I can find a way to outsmart any"
