MBTI_Type,post,prediction
ENFJ,Oh the question thats been weighing on my mind lately|||*exhales* How do you handle conflict dear|||Its a delicate balance you know|||On one hand you want to be supportive and empathetic but on the other hand you also want to be firm and unwavering in your beliefs|||Its a delicate balance really|||*nods* How do you find yourself in,INFJ
ENFP,Oh man Im so pumped to share my question with you|||*excitedly bounces around* ðŸ˜ƒ Its this What do you think about the power of creativity and selfexpression in shaping our identities and fueling our sense of purpose|||*giggles nervously*|||Oh boy Iesh I just love exploring this topic because its like totally relate to,ENFJ
ENTJ,Ah a question that speakces to my natural charm and leadership abura|||*coughs confidently* What do you think about the most effective way to motivate a team and how do you think the best leaders approach the task of inspiring and driving their peers|||*nods with a smirk*|||Ah the art of motivation a delicate balance of empathy and assertive leadership|||Its a question that speaks to,ENFJ
ENTP,Mmm interesting question|||*nods eagerly* So have you ever found yourself lost in thought pondering the mysteries of existence|||*giggles nervously* Its a bit like trying to solve a complex puzzle you know|||The more you learn about life the more questions you start to have|||Like whats the point of it all|||*nods enthusiastically* And then theres the question of,INFJ
ESFJ,Oh wow Im so excited to share my thoughts on this question|||*excitedly* What do you think is the most important thing in life|||And why do you think its so important to you|||*blinks and smiles* Oh boy this is a question that really gets me going|||*nods eagerly* I mean I just think wow life is full of so many things that are important,INFJ
ESFP,Oh man Im so pumped to share my question with you|||*excitedly fidgets and bounces around* OMG have you guys ever thought about the most epic dance battle that could happen|||Like imagine this youre at a party and theres this totally tubular band playing the most bweastic tunes and youre just losing yourself in the music and letting go of all your inhib,ENFJ
ESTJ,Mmm Im loving this|||*adjusts sunglasses* Lets get down to business|||Question for ya Whats the best way to tackle a problem|||You know the ones that require a clear plan and a solid strategy|||*nods* Well Im tellin ya Im all about efficiency|||I mean have you seen me in action|||*grins mischievously* I,ENFJ
ESTP,Oh man Ive got a question for you thats gonna get you pumped up and ready to take on the world|||*adjusts sunglasses* Whats the deal with all these people who think they can just be themselves and expect to be liked|||Like come on be real man|||You gotta be bold you gotta be fierce you gotta be boldly fierce|||You know,ENTJ
INFJ,Mmm Ive got a question thats been on my mind lately and I cant help but wonder|||how do you think the world will change when we finally acknowledge the inherent value of emotion and the importance of emotional intelligence in our society|||*blinks slowly lost in thought* Oh you know its just that|||life is full of complexities and were all just trying to make,ENTJ
INFP,*exhales deeply* Oh the weight of existence|||*nods* The question thats been weighing on my mind lately is How do we embrace the beauty of our own imperfections|||*looks upwards lost in thought* You see I find myself constantly drawn to the beauty of the world around me|||The way the light falls on the face of the sun the way the sky can be both bright and dark at,INFJ
INTJ,Ah a question that speakces to my analytical and logical nature What do you think is the most pressing issue facing society today and how do you think we can best address it|||Ah the INTJs love for problemsolving and strategic thinking|||*exhales sharply* The issue that I find most pressing is the complex web of societal problems that plague our world from economic inequality to systemic racism and,INTJ
INTP,Ah a question that speakces to the very essence of my being What is the most efficient way to organize ones thoughts and mental processes given the vast and complex landscape of the human mind|||Ah the eternal struggle to tame the wild beast that is the mind|||How to organize oneself to make sense of the chaotic whirlwind of thoughts and emotions that bombard us at every turn|||It is a question,INFJ
ISFJ,Oh wow Im so excited to share my question with you|||*excitedly* What do you think about the importance of organization and planning in everyday life|||How do you feel about the way we structure our days and prioritize tasks|||Do you think its important to have a system in place to help us stay on track and feel more in control of our lives|||*nods eagerly*|||Oh boy I just love,ENTJ
ISFP,Oh man Ive got a question for ya thats gonna make ya feel the feels|||*giggles nervously* Have you ever experienced that moment where youre just living life and then suddenly youre like Whoa Im totally feeling the feels right now|||Like you know when youre out there living life and being all passionate and stuff and then you start to realize how much youre feeling,INFJ
ISTJ,Ah an interesting question that allows me to tap into my analytical and logical nature|||*clears throat* What do you think is the most pressing issue facing society today and how do you think we can best address it|||Its important to recognize that the world is constantly changing and evolving and we must be prepared to adapt and face new challenges|||Ah the pressure to speak is too great and I find myself compelled to share my,INTJ
ISTP,Mmm Ive got a question for ya|||*crackin a grin* You know how Im always tinkerin with gadgets and whatnot|||Well Ive been thinkin about this whole personality business and I reckon its a right proper puzzle|||See Ive always found myself drawn to the mechanical the way things fit together and the way they can be fixed,INTJ
